<?xml version="1.0" encoding="UTF-8"?>
<!DOCTYPE fontscolors PUBLIC "-//NetBeans//DTD Editor Fonts and Colors settings 1.1//EN" "http://www.netbeans.org/dtds/EditorFontsColors-1_1.dtd">
<fontscolors>
    <fontcolor foreColor="ffcccccc" name="code-folding-border"/>
    <fontcolor name="nbeditor-bracesMatching-match"/>
    <fontcolor foreColor="ffffa8a8" name="text-limit-line-color"/>
    <fontcolor foreColor="ff666666" name="code-folding"/>
    <fontcolor bgColor="ffd83636" name="nbeditor-bracesMatching-mismatch"/>
    <fontcolor bgColor="ff3c3f41" name="line-number"/>
    <fontcolor bgColor="ffdfdfdf" name="readonly-files"/>
    <fontcolor bgColor="ff535353" name="highlight-caret-row"/>
    <fontcolor bgColor="ffffb442" foreColor="black" name="highlight-search"/>
    <fontcolor foreColor="black" name="caret-color-overwrite-mode"/>
    <fontcolor foreColor="ffd3d3d3" name="indent-guide-lines"/>
    <fontcolor name="guarded"/>
    <fontcolor bgColor="ffcccccc" foreColor="black" name="selection"/>
    <fontcolor name="nbeditor-bracesMatching-match-multichar"/>
    <fontcolor bgColor="ffd83636" name="nbeditor-bracesMatching-mismatch-multichar"/>
    <fontcolor foreColor="black" name="caret-color-insert-mode"/>
    <fontcolor foreColor="blue" name="hyperlinks" underline="blue"/>
</fontscolors>
