<?xml version="1.0" encoding="UTF-8"?>
<!DOCTYPE fontscolors PUBLIC "-//NetBeans//DTD Editor Fonts and Colors settings 1.1//EN" "http://www.netbeans.org/dtds/EditorFontsColors-1_1.dtd">
<fontscolors>
    <fontcolor foreColor="ffe8e8e8" name="identifier"/>
    <fontcolor foreColor="ff99cc00" name="number">
        <font style="bold"/>
    </fontcolor>
    <fontcolor bgColor="ff2b2b2b" foreColor="ffececec" name="default">
        <font name="Consolas" size="12" style="plain"/>
    </fontcolor>
    <fontcolor default="identifier" foreColor="ff33ccff" name="method">
        <font style="italic"/>
    </fontcolor>
    <fontcolor foreColor="ffd69d85" name="string"/>
    <fontcolor default="identifier" foreColor="ffccffff" name="field">
        <font style="italic"/>
    </fontcolor>
    <fontcolor foreColor="gray" name="comment">
        <font style="italic"/>
    </fontcolor>
    <fontcolor foreColor="ff4ec9b0" name="keyword"/>
    <fontcolor foreColor="ff505050" name="whitespace">
        <font style="bold"/>
    </fontcolor>
</fontscolors>
