<?xml version="1.0" encoding="UTF-8"?>
<!DOCTYPE fontscolors PUBLIC "-//NetBeans//DTD Editor Fonts and Colors settings 1.1//EN" "http://www.netbeans.org/dtds/EditorFontsColors-1_1.dtd">
<fontscolors>
    <fontcolor foreColor="black" name="identifier">
        <font style="bold"/>
    </fontcolor>
    <fontcolor default="field" name="markup-attribute"/>
    <fontcolor default="identifier" name="method"/>
    <fontcolor foreColor="ff006633" name="string">
        <font style="bold+italic"/>
    </fontcolor>
    <fontcolor default="keyword" name="markup-element"/>
    <fontcolor default="string" name="markup-attribute-value"/>
    <fontcolor name="error" waveUnderlined="red"/>
    <fontcolor default="default" foreColor="black" name="entity-reference">
        <font style="bold"/>
    </fontcolor>
    <fontcolor name="separator"/>
    <fontcolor foreColor="black" name="operator"/>
    <fontcolor name="url" underline="blue"/>
    <fontcolor foreColor="black" name="number"/>
    <fontcolor bgColor="white" foreColor="black" name="default">
        <font name="Hack" size="14" style="plain"/>
    </fontcolor>
    <fontcolor default="identifier" foreColor="ffff0066" name="field">
        <font style="italic"/>
    </fontcolor>
    <fontcolor foreColor="ffce7b00" name="char">
        <font style="bold"/>
    </fontcolor>
    <fontcolor name="warning" waveUnderlined="yellow"/>
    <fontcolor foreColor="gray" name="comment">
        <font style="italic"/>
    </fontcolor>
    <fontcolor foreColor="blue" name="keyword">
        <font style="bold+italic"/>
    </fontcolor>
    <fontcolor foreColor="black" name="whitespace"/>
</fontscolors>
